{
    "RPT": {
        "ScanTime": "0.34 sec.",
        "ScanFile": "20210817_mysite_56e44a175c0eeafe7287_20210817180838_scan.json",
        "Warnings": 0,
        "Success": 6
    },
    "SRV": {
        "PHP": {
            "websrv": true,
            "openbase": true,
            "maxtime": true,
            "mysqli": true,
            "version": true
        },
        "SYS": {
            "managedHost": true,
            "ALL": "Good"
        },
        "WP": {
            "version": true,
            "core": true,
            "ismu": false,
            "ALL": "Good"
        }
    },
    "ARC": {
        "Size": "0B",
        "DirCount": "0",
        "FileCount": "0",
        "FullCount": "0",
        "WarnFileCount": 0,
        "WarnDirCount": 0,
        "UnreadableDirCount": 0,
        "UnreadableFileCount": 0,
        "FilterDirsAll": [
            "\/home\/d\/develx\/casino.develx.ru\/public_html\/.opcache",
            "\/home\/d\/develx\/casino.develx.ru\/public_html\/wp-content\/ai1wm-backups",
            "\/home\/d\/develx\/casino.develx.ru\/public_html\/wp-content\/backups-dup-lite",
            "\/home\/d\/develx\/casino.develx.ru\/public_html\/wp-content\/backups-dup-pro",
            "\/home\/d\/develx\/casino.develx.ru\/public_html\/wp-content\/backupwordpress",
            "\/home\/d\/develx\/casino.develx.ru\/public_html\/wp-content\/bps-backup",
            "\/home\/d\/develx\/casino.develx.ru\/public_html\/wp-content\/cache",
            "\/home\/d\/develx\/casino.develx.ru\/public_html\/wp-content\/content\/cache",
            "\/home\/d\/develx\/casino.develx.ru\/public_html\/wp-content\/contents\/cache",
            "\/home\/d\/develx\/casino.develx.ru\/public_html\/wp-content\/infinitewp\/backups",
            "\/home\/d\/develx\/casino.develx.ru\/public_html\/wp-content\/managewp\/backups",
            "\/home\/d\/develx\/casino.develx.ru\/public_html\/wp-content\/old-cache",
            "\/home\/d\/develx\/casino.develx.ru\/public_html\/wp-content\/plugins\/all-in-one-wp-migration\/storage",
            "\/home\/d\/develx\/casino.develx.ru\/public_html\/wp-content\/updraft",
            "\/home\/d\/develx\/casino.develx.ru\/public_html\/wp-content\/uploads\/aiowps_backups",
            "\/home\/d\/develx\/casino.develx.ru\/public_html\/wp-content\/uploads\/backupbuddy_backups",
            "\/home\/d\/develx\/casino.develx.ru\/public_html\/wp-content\/uploads\/backupbuddy_temp",
            "\/home\/d\/develx\/casino.develx.ru\/public_html\/wp-content\/uploads\/ithemes-security\/backups",
            "\/home\/d\/develx\/casino.develx.ru\/public_html\/wp-content\/uploads\/mainwp\/backup",
            "\/home\/d\/develx\/casino.develx.ru\/public_html\/wp-content\/uploads\/pb_backupbuddy",
            "\/home\/d\/develx\/casino.develx.ru\/public_html\/wp-content\/uploads\/snapshots",
            "\/home\/d\/develx\/casino.develx.ru\/public_html\/wp-content\/uploads\/sucuri",
            "\/home\/d\/develx\/casino.develx.ru\/public_html\/wp-content\/uploads\/wp-clone",
            "\/home\/d\/develx\/casino.develx.ru\/public_html\/wp-content\/uploads\/wp_all_backup",
            "\/home\/d\/develx\/casino.develx.ru\/public_html\/wp-content\/uploads\/wpbackitup_backups",
            "\/home\/d\/develx\/casino.develx.ru\/public_html\/wp-content\/wfcache",
            "\/home\/d\/develx\/casino.develx.ru\/public_html\/wp-content\/wishlist-backup",
            "\/home\/d\/develx\/casino.develx.ru\/public_html\/wp-snapshots"
        ],
        "FilterFilesAll": [
            "error_log",
            "error.log",
            "debug_log",
            "ws_ftp.log",
            "dbcache",
            "pgcache",
            "objectcache",
            ".DS_Store",
            "\/home\/d\/develx\/casino.develx.ru\/public_html\/.htaccess",
            "\/home\/d\/develx\/casino.develx.ru\/public_html\/web.config",
            "\/home\/d\/develx\/casino.develx.ru\/public_html\/wp-config.php"
        ],
        "FilterExtsAll": [],
        "FilterInfo": {
            "Dirs": {
                "Warning": [],
                "Unreadable": [],
                "AddonSites": [],
                "Core": [
                    "\/home\/d\/develx\/casino.develx.ru\/public_html\/wp-snapshots",
                    "\/home\/d\/develx\/casino.develx.ru\/public_html\/wp-content\/backups-dup-lite",
                    "\/home\/d\/develx\/casino.develx.ru\/public_html\/.opcache",
                    "\/home\/d\/develx\/casino.develx.ru\/public_html\/wp-content\/backups-dup-pro",
                    "\/home\/d\/develx\/casino.develx.ru\/public_html\/wp-content\/ai1wm-backups",
                    "\/home\/d\/develx\/casino.develx.ru\/public_html\/wp-content\/backupwordpress",
                    "\/home\/d\/develx\/casino.develx.ru\/public_html\/wp-content\/content\/cache",
                    "\/home\/d\/develx\/casino.develx.ru\/public_html\/wp-content\/contents\/cache",
                    "\/home\/d\/develx\/casino.develx.ru\/public_html\/wp-content\/infinitewp\/backups",
                    "\/home\/d\/develx\/casino.develx.ru\/public_html\/wp-content\/managewp\/backups",
                    "\/home\/d\/develx\/casino.develx.ru\/public_html\/wp-content\/old-cache",
                    "\/home\/d\/develx\/casino.develx.ru\/public_html\/wp-content\/plugins\/all-in-one-wp-migration\/storage",
                    "\/home\/d\/develx\/casino.develx.ru\/public_html\/wp-content\/updraft",
                    "\/home\/d\/develx\/casino.develx.ru\/public_html\/wp-content\/wishlist-backup",
                    "\/home\/d\/develx\/casino.develx.ru\/public_html\/wp-content\/wfcache",
                    "\/home\/d\/develx\/casino.develx.ru\/public_html\/wp-content\/bps-backup",
                    "\/home\/d\/develx\/casino.develx.ru\/public_html\/wp-content\/cache",
                    "\/home\/d\/develx\/casino.develx.ru\/public_html\/wp-content\/uploads\/aiowps_backups",
                    "\/home\/d\/develx\/casino.develx.ru\/public_html\/wp-content\/uploads\/backupbuddy_temp",
                    "\/home\/d\/develx\/casino.develx.ru\/public_html\/wp-content\/uploads\/backupbuddy_backups",
                    "\/home\/d\/develx\/casino.develx.ru\/public_html\/wp-content\/uploads\/ithemes-security\/backups",
                    "\/home\/d\/develx\/casino.develx.ru\/public_html\/wp-content\/uploads\/mainwp\/backup",
                    "\/home\/d\/develx\/casino.develx.ru\/public_html\/wp-content\/uploads\/pb_backupbuddy",
                    "\/home\/d\/develx\/casino.develx.ru\/public_html\/wp-content\/uploads\/snapshots",
                    "\/home\/d\/develx\/casino.develx.ru\/public_html\/wp-content\/uploads\/sucuri",
                    "\/home\/d\/develx\/casino.develx.ru\/public_html\/wp-content\/uploads\/wp-clone",
                    "\/home\/d\/develx\/casino.develx.ru\/public_html\/wp-content\/uploads\/wp_all_backup",
                    "\/home\/d\/develx\/casino.develx.ru\/public_html\/wp-content\/uploads\/wpbackitup_backups"
                ],
                "Global": [],
                "Instance": []
            },
            "Files": {
                "Size": [],
                "Warning": [],
                "Unreadable": [],
                "AddonSites": [],
                "Core": [],
                "Global": [
                    "error_log",
                    "error.log",
                    "debug_log",
                    "ws_ftp.log",
                    "dbcache",
                    "pgcache",
                    "objectcache",
                    ".DS_Store"
                ],
                "Instance": []
            },
            "Exts": {
                "Core": [],
                "Global": [],
                "Instance": []
            },
            "UDirCount": 0,
            "UFileCount": 0,
            "UExtCount": 0,
            "TreeSize": [],
            "TreeWarning": []
        },
        "RecursiveLinks": [],
        "UnreadableItems": [],
        "Status": {
            "Size": "Good",
            "Names": "Good",
            "UnreadableItems": "Good",
            "MigratePackage": "Good",
            "CanbeMigratePackage": true,
            "showCreateProcFuncStatus": "Good",
            "showCreateProcFunc": true,
            "AddonSites": "Good"
        },
        "Dirs": [],
        "Files": []
    },
    "DB": {
        "Status": {
            "Success": true,
            "DB_Case": "Good",
            "DB_Rows": "Good",
            "DB_Size": "Good",
            "TBL_Case": "Good",
            "TBL_Rows": "Good",
            "TBL_Size": "Good",
            "Triggers": "Good"
        },
        "Size": "4.02MB",
        "Rows": "7,280",
        "TableCount": 24,
        "TableList": {
            "wp_commentmeta": {
                "Case": 0,
                "Rows": "115",
                "Size": "48KB",
                "USize": 49152
            },
            "wp_comments": {
                "Case": 0,
                "Rows": "21",
                "Size": "96KB",
                "USize": 98304
            },
            "wp_duplicator_packages": {
                "Case": 0,
                "Rows": "0",
                "Size": "32KB",
                "USize": 32768
            },
            "wp_links": {
                "Case": 0,
                "Rows": "0",
                "Size": "32KB",
                "USize": 32768
            },
            "wp_mo_openid_linked_user": {
                "Case": 0,
                "Rows": "0",
                "Size": "16KB",
                "USize": 16384
            },
            "wp_options": {
                "Case": 0,
                "Rows": "363",
                "Size": "2.06MB",
                "USize": 2162688
            },
            "wp_pmxe_exports": {
                "Case": 0,
                "Rows": "0",
                "Size": "16KB",
                "USize": 16384
            },
            "wp_pmxe_google_cats": {
                "Case": 0,
                "Rows": "5,512",
                "Size": "400KB",
                "USize": 409600
            },
            "wp_pmxe_posts": {
                "Case": 0,
                "Rows": "0",
                "Size": "16KB",
                "USize": 16384
            },
            "wp_pmxe_templates": {
                "Case": 0,
                "Rows": "0",
                "Size": "16KB",
                "USize": 16384
            },
            "wp_postmeta": {
                "Case": 0,
                "Rows": "763",
                "Size": "192KB",
                "USize": 196608
            },
            "wp_posts": {
                "Case": 0,
                "Rows": "143",
                "Size": "496KB",
                "USize": 507904
            },
            "wp_rmp_analytics": {
                "Case": 0,
                "Rows": "78",
                "Size": "16KB",
                "USize": 16384
            },
            "wp_term_relationships": {
                "Case": 0,
                "Rows": "21",
                "Size": "32KB",
                "USize": 32768
            },
            "wp_term_taxonomy": {
                "Case": 0,
                "Rows": "5",
                "Size": "64KB",
                "USize": 65536
            },
            "wp_termmeta": {
                "Case": 0,
                "Rows": "0",
                "Size": "48KB",
                "USize": 49152
            },
            "wp_terms": {
                "Case": 0,
                "Rows": "5",
                "Size": "48KB",
                "USize": 49152
            },
            "wp_usermeta": {
                "Case": 0,
                "Rows": "77",
                "Size": "48KB",
                "USize": 49152
            },
            "wp_users": {
                "Case": 0,
                "Rows": "0",
                "Size": "64KB",
                "USize": 65536
            },
            "wp_yoast_indexable": {
                "Case": 0,
                "Rows": "66",
                "Size": "128KB",
                "USize": 131072
            },
            "wp_yoast_indexable_hierarchy": {
                "Case": 0,
                "Rows": "69",
                "Size": "64KB",
                "USize": 65536
            },
            "wp_yoast_migrations": {
                "Case": 0,
                "Rows": "21",
                "Size": "32KB",
                "USize": 32768
            },
            "wp_yoast_primary_term": {
                "Case": 0,
                "Rows": "0",
                "Size": "48KB",
                "USize": 49152
            },
            "wp_yoast_seo_links": {
                "Case": 0,
                "Rows": "21",
                "Size": "48KB",
                "USize": 49152
            }
        },
        "RawSize": 4210688
    },
    "LL": {
        "TotalSize": "4.02MB",
        "Status": {
            "TotalSize": "Good"
        }
    }
}